dataset,mode,level,model,model_tag,seed,best_accuracy,final_accuracy,best_r2,final_r2,best_epoch,best_val_loss,total_steps,max_ft_steps,lr,drop_prob,run_time_min,gpu,slurm_job,log,run_id,path,stage,best_well_acc,best_wellcl_acc,final_well_acc,final_wellcl_acc,best_step,best_val_acc
lincs,no_pretrain,lvl2,elog,elog_zc,1,0.5729804056376762,0.5792368511515985,,,27.0,1.698039,40000.0,40000.0,0.001,0.1,2,NVIDIA GH200 144G HBM3e MIG 1g.18gb,8104119,out/L_lvl2_elog_zc_s1_20260928_1029.out,2026-09-28_10-33_s1,results/lincs/finetune/no_pretrain/lvl2/elog_zc/2026-09-28_10-33_s1,finetune,,,,,,0.5749742179443108
lincs,no_pretrain,lvl2,elog,elog_zc,2,0.5724991405981437,0.5669302165692678,,,28.0,1.686462,40000.0,40000.0,0.001,0.1,1,NVIDIA GeForce RTX 2080 Ti,8104129,out/L_lvl2_elog_zc_s2_20260928_1029.out,2026-09-28_10-37_s2,results/lincs/finetune/no_pretrain/lvl2/elog_zc/2026-09-28_10-37_s2,finetune,,,,,,0.5722241320041251
lincs,no_pretrain,lvl2,elog,elog_zc,3,0.5744242007562737,0.5738741835682365,,,32.0,1.7161716,40000.0,40000.0,0.001,0.1,1,NVIDIA GeForce RTX 2080 Ti,8104139,out/L_lvl2_elog_zc_s3_20260928_1029.out,2026-09-28_10-38_s3,results/lincs/finetune/no_pretrain/lvl2/elog_zc/2026-09-28_10-38_s3,finetune,,,,,,0.5734616706772087
lincs,no_pretrain,lvl1,elog,elog,1,0.9756688069432744,0.9844470086861722,,,3.0,0.3262371,40000.0,40000.0,0.001,0.1,1,NVIDIA GH200 144G HBM3e MIG 1g.18gb,8102454,out/L_lvl1_elog_s1_20260926_1548.out,2026-09-26_16-26_s1,results/lincs/finetune/no_pretrain/lvl1/elog/2026-09-26_16-26_s1,,,,,,,
lincs,no_pretrain,lvl1,rlog,rlog,1,0.9982372804564665,0.9982797556261902,,,3.0,0.0070788553,40000.0,40000.0,0.001,0.1,2,NVIDIA GH200 144G HBM3e MIG 1g.18gb,8102435,out/L_lvl1_rlog_s1_20260926_1548.out,2026-09-26_15-50_s1,results/lincs/finetune/no_pretrain/lvl1/rlog/2026-09-26_15-50_s1,,,,,,,
lincs,no_pretrain,lvl2,rlog,rlog,1,0.5643863870745961,0.5650739085596425,,,32.0,1.539283,40000.0,40000.0,0.001,0.1,2,NVIDIA GH200 144G HBM3e MIG 1g.18gb,8102441,out/L_lvl2_rlog_s1_20260926_1548.out,2026-09-26_15-59_s1,results/lincs/finetune/no_pretrain/lvl2/rlog/2026-09-26_15-59_s1,,,,,,,
lincs,no_pretrain,lvl2,rlog,rlog,2,0.566311447232726,0.5592299759367481,,,32.0,1.5294678,40000.0,40000.0,0.001,0.1,2,NVIDIA GH200 144G HBM3e MIG 1g.18gb,8102447,out/L_lvl2_rlog_s2_20260926_1548.out,2026-09-26_16-12_s2,results/lincs/finetune/no_pretrain/lvl2/rlog/2026-09-26_16-12_s2,,,,,,,
lincs,no_pretrain,lvl2,rlog,rlog,3,0.5654176693021656,0.5657614300446889,,,33.0,1.5583724,40000.0,40000.0,0.001,0.1,1,NVIDIA GH200 144G HBM3e MIG 1g.18gb,8102453,out/L_lvl2_rlog_s3_20260926_1548.out,2026-09-26_16-24_s3,results/lincs/finetune/no_pretrain/lvl2/rlog/2026-09-26_16-24_s3,,,,,,,
tahoe_pb,no_pretrain,lvl2,elog,elog_full_gdd_zc,1,0.43394969182075627,0.4399466933200067,,,65.0,64.52567,40000.0,40000.0,0.001,0.1,3,NVIDIA RTX 6000 Ada Generation,8104112,out/TPB_lvl2_elog_full_gdd_s1_20260928_1029.out,2026-09-28_10-29_s1,results/tahoe/pb/finetune/no_pretrain/lvl2/elog_full_gdd_zc/2026-09-28_10-29_s1,finetune,,,,,,0.38649592549476136
tahoe_pb,no_pretrain,lvl2,elog,elog_full_gdd_zc,2,0.43491701919947934,0.43670680117149363,,,69.0,53.178925,40000.0,40000.0,0.001,0.1,3,NVIDIA GeForce RTX 2080 Ti,8104122,out/TPB_lvl2_elog_full_gdd_s2_20260928_1029.out,2026-09-28_10-34_s2,results/tahoe/pb/finetune/no_pretrain/lvl2/elog_full_gdd_zc/2026-09-28_10-34_s2,finetune,,,,,,0.4342512628320026
tahoe_pb,no_pretrain,lvl2,elog,elog_full_gdd_zc,3,0.41288261015808947,0.4046417759838547,,,80.0,50.9673,40000.0,40000.0,0.001,0.1,3,NVIDIA GH200 144G HBM3e MIG 1g.18gb,8104132,out/TPB_lvl2_elog_full_gdd_s3_20260928_1029.out,2026-09-28_10-37_s3,results/tahoe/pb/finetune/no_pretrain/lvl2/elog_full_gdd_zc/2026-09-28_10-37_s3,finetune,,,,,,0.4642748555792034
tahoe_pb,no_pretrain,lvl2,elog,elog_gdd_zc,1,0.4739297018157588,0.47926036981509246,,,74.0,4.6147733,40000.0,40000.0,0.001,0.1,1,NVIDIA GH200 144G HBM3e,8104111,out/TPB_lvl2_elog_gdd_s1_20260928_1029.out,2026-09-28_10-29_s1,results/tahoe/pb/finetune/no_pretrain/lvl2/elog_gdd_zc/2026-09-28_10-29_s1,finetune,,,,,,0.4821220688508232
tahoe_pb,no_pretrain,lvl2,elog,elog_gdd_zc,2,0.5224536283761796,0.534005857468272,,,78.0,3.9172115,40000.0,40000.0,0.001,0.1,2,NVIDIA RTX 6000 Ada Generation,8104121,out/TPB_lvl2_elog_gdd_s2_20260928_1029.out,2026-09-28_10-34_s2,results/tahoe/pb/finetune/no_pretrain/lvl2/elog_gdd_zc/2026-09-28_10-34_s2,finetune,,,,,,0.5056216392374124
tahoe_pb,no_pretrain,lvl2,elog,elog_gdd_zc,3,0.48368651194080053,0.4786411032626976,,,67.0,3.0865738,40000.0,40000.0,0.001,0.1,2,NVIDIA GH200 144G HBM3e,8104131,out/TPB_lvl2_elog_gdd_s3_20260928_1029.out,2026-09-28_10-37_s3,results/tahoe/pb/finetune/no_pretrain/lvl2/elog_gdd_zc/2026-09-28_10-37_s3,finetune,,,,,,0.5443903922164792
tahoe_pb,no_pretrain,lvl2,rlog,rlog_full_gdd,1,0.33516575045810426,0.29185407296351823,,,66.0,17.19362,40000.0,40000.0,0.001,0.1,5,NVIDIA GeForce RTX 2080 Ti,8104116,out/TPB_lvl2_rlog_full_gdd_s1_20260928_1029.out,2026-09-28_10-29_s1,results/tahoe/pb/finetune/no_pretrain/lvl2/rlog_full_gdd/2026-09-28_10-29_s1,finetune,,,,,,0.34209213371029434
tahoe_pb,no_pretrain,lvl2,rlog,rlog_full_gdd,2,0.33615359583468923,0.35291246339082327,,,78.0,16.71641,40000.0,40000.0,0.001,0.1,4,NVIDIA RTX 6000 Ada Generation,8104126,out/TPB_lvl2_rlog_full_gdd_s2_20260928_1029.out,2026-09-28_10-37_s2,results/tahoe/pb/finetune/no_pretrain/lvl2/rlog_full_gdd/2026-09-28_10-37_s2,finetune,,,,,,0.349519309108685
tahoe_pb,no_pretrain,lvl2,rlog,rlog_full_gdd,3,0.3271106626303397,0.3277833837874201,,,78.0,14.111955,40000.0,40000.0,0.001,0.1,5,NVIDIA GeForce RTX 2080 Ti,8104136,out/TPB_lvl2_rlog_full_gdd_s3_20260928_1029.out,2026-09-28_10-37_s3,results/tahoe/pb/finetune/no_pretrain/lvl2/rlog_full_gdd/2026-09-28_10-37_s3,finetune,,,,,,0.39556096077835207
tahoe_pb,no_pretrain,lvl2,rlog,rlog_gdd,1,0.266200233216725,0.24754289521905715,,,78.0,8.068537,40000.0,40000.0,0.001,0.1,5,NVIDIA GeForce RTX 2080 Ti,8104115,out/TPB_lvl2_rlog_gdd_s1_20260928_1029.out,2026-09-28_10-29_s1,results/tahoe/pb/finetune/no_pretrain/lvl2/rlog_gdd/2026-09-28_10-29_s1,finetune,,,,,,0.222850490603692
tahoe_pb,no_pretrain,lvl2,rlog,rlog_gdd,2,0.25837943377806705,0.26163358281809307,,,73.0,6.8221555,40000.0,40000.0,0.001,0.1,4,NVIDIA RTX 6000 Ada Generation,8104125,out/TPB_lvl2_rlog_gdd_s2_20260928_1029.out,2026-09-28_10-36_s2,results/tahoe/pb/finetune/no_pretrain/lvl2/rlog_gdd/2026-09-28_10-36_s2,finetune,,,,,,0.28303731464885123
tahoe_pb,no_pretrain,lvl2,rlog,rlog_gdd,3,0.21829801547258662,0.22166162125798855,,,51.0,5.919024,40000.0,40000.0,0.001,0.1,5,NVIDIA GeForce RTX 2080 Ti,8104135,out/TPB_lvl2_rlog_gdd_s3_20260928_1029.out,2026-09-28_10-37_s3,results/tahoe/pb/finetune/no_pretrain/lvl2/rlog_gdd/2026-09-28_10-37_s3,finetune,,,,,,0.28504104591061113
tahoe_pb,no_pretrain,lvl1,elog,elog,1,1.0,1.0,,,48.0,1.8411741e-6,40000.0,40000.0,0.001,0.1,1,NVIDIA GH200 144G HBM3e MIG 1g.18gb,8102430,out/TPB_lvl1_elog_s1_20260926_1548.out,2026-09-26_15-48_s1,results/tahoe/pb/finetune/no_pretrain/lvl1/elog/2026-09-26_15-48_s1,,,,,,,
tahoe_pb,no_pretrain,lvl1,elog,elog_full,1,1.0,1.0,,,57.0,3.5873363e-6,40000.0,40000.0,0.001,0.1,2,NVIDIA GH200 144G HBM3e MIG 1g.18gb,8103523,out/TPB_lvl1_elog_full_s1_20260927_1050.out,2026-09-27_10-51_s1,results/tahoe/pb/finetune/no_pretrain/lvl1/elog_full/2026-09-27_10-51_s1,,,,,,,
tahoe_pb,no_pretrain,lvl1,rlog,rlog,1,1.0,1.0,,,80.0,0.00022468748,40000.0,40000.0,0.001,0.1,3,NVIDIA GH200 144G HBM3e MIG 1g.18gb,8103524,out/TPB_lvl1_rlog_s1_20260927_1050.out,2026-09-27_10-55_s1,results/tahoe/pb/finetune/no_pretrain/lvl1/rlog/2026-09-27_10-55_s1,,,,,,,
tahoe_pb,no_pretrain,lvl1,rlog,rlog_full,1,1.0,1.0,,,71.0,0.00013163273,40000.0,40000.0,0.001,0.1,6,NVIDIA GeForce RTX 2080 Ti,8102433,out/TPB_lvl1_rlog_full_s1_20260926_1548.out,2026-09-26_16-59_s1,results/tahoe/pb/finetune/no_pretrain/lvl1/rlog_full/2026-09-26_16-59_s1,,,,,,,
tahoe_sc,no_pretrain,lvl2,elog,elog_full_zc,1,0.08840426540783748,0.08840426540783748,,,,35.073696,40000.0,40000.0,0.001,0.1,122,NVIDIA RTX 6000 Ada Generation,8105639,out/TSC_lvl2_elog_full_dd_s1_20260928_1930.out,2026-09-28_20-00_j8105639,results/tahoe/sc/finetune/no_pretrain/lvl2/elog_full_zc/2026-09-28_20-00_j8105639,finetune,0.3953488372093023,0.3757378067722895,0.3953488372093023,0.3757378067722895,40000.0,0.09521256075920068
tahoe_sc,no_pretrain,lvl2,elog,elog_zc,1,0.05176285259686206,0.046671127361621864,,,,6.362577,40000.0,40000.0,0.001,0.1,195,NVIDIA RTX 6000 Ada Generation,8105638,out/TSC_lvl2_elog_dd_s1_20260928_1930.out,2026-09-28_19-31_j8105638,results/tahoe/sc/finetune/no_pretrain/lvl2/elog_zc/2026-09-28_19-31_j8105638,finetune,0.3488372093023256,0.25054364709537125,0.32558139534883723,0.24666045355700528,16000.0,0.05116503356222514
tahoe_sc,no_pretrain,lvl2,rlog,rlog,1,0.10950286081578033,0.10950286081578033,,,,8.996843,40000.0,40000.0,0.001,0.1,86,NVIDIA GH200 144G HBM3e MIG 1g.18gb,8105640,out/TSC_lvl2_rlog_dd_s1_20260928_1930.out,2026-09-28_19-41_j8105640,results/tahoe/sc/finetune/no_pretrain/lvl2/rlog/2026-09-28_19-41_j8105640,finetune,0.40310077519379844,0.36641814228021125,0.40310077519379844,0.36641814228021125,40000.0,0.12000231463621634
tahoe_sc,no_pretrain,lvl2,rlog,rlog_full,1,0.10276303172713191,0.10276303172713191,,,,8.303945,40000.0,40000.0,0.001,0.1,98,NVIDIA GH200 144G HBM3e MIG 1g.18gb,8105641,out/TSC_lvl2_rlog_full_dd_s1_20260928_1930.out,2026-09-28_21-07_j8105641,results/tahoe/sc/finetune/no_pretrain/lvl2/rlog_full/2026-09-28_21-07_j8105641,finetune,0.3488372093023256,0.28922025473749613,0.3488372093023256,0.28922025473749613,40000.0,0.1146593627034951
tahoe_sc,no_pretrain,lvl1,elog,elog,1,0.9772096444159201,0.9772096444159201,,,1.0,0.18089752,40000.0,40000.0,0.001,0.1,82,NVIDIA GH200 144G HBM3e MIG 1g.18gb,8102457,out/TSC_lvl1_elog_s1_20260926_1552.out,2026-09-26_18-57_j8102457,results/tahoe/sc/finetune/no_pretrain/lvl1/elog/2026-09-26_18-57_j8102457,,,,,,,
tahoe_sc,no_pretrain,lvl1,elog,elog_full,1,0.9716600995459949,0.9716600995459949,,,1.0,0.3900618,40000.0,40000.0,0.001,0.1,113,NVIDIA GH200 144G HBM3e MIG 1g.18gb,8102458,out/TSC_lvl1_elog_full_s1_20260926_1552.out,2026-09-26_19-41_j8102458,results/tahoe/sc/finetune/no_pretrain/lvl1/elog_full/2026-09-26_19-41_j8102458,,,,,,,
tahoe_sc,no_pretrain,lvl1,rlog,rlog,1,0.9820571873217192,0.9820571873217192,,,1.0,0.16521345,40000.0,40000.0,0.001,0.1,147,NVIDIA GH200 144G HBM3e MIG 1g.18gb,8102455,out/TSC_lvl1_rlog_s1_20260926_1552.out,2026-09-26_16-29_j8102455,results/tahoe/sc/finetune/no_pretrain/lvl1/rlog/2026-09-26_16-29_j8102455,,,,,,,
tahoe_sc,no_pretrain,lvl1,rlog,rlog_full,1,0.9854981578741083,0.9854981578741083,,,1.0,0.13986254,40000.0,40000.0,0.001,0.1,174,NVIDIA GH200 144G HBM3e MIG 1g.18gb,8102456,out/TSC_lvl1_rlog_full_s1_20260926_1552.out,2026-09-26_16-46_j8102456,results/tahoe/sc/finetune/no_pretrain/lvl1/rlog_full/2026-09-26_16-46_j8102456,,,,,,,
